{
  "timestamp": 1775773913.404184,
  "quality_signal": 0.34949757078329197,
  "coupling_score": 0.3195761293920803,
  "cycle_count": 13,
  "god_file_count": 9,
  "hotspot_count": 3,
  "complex_fn_count": 341,
  "max_depth": 12,
  "total_import_edges": 3586,
  "cross_module_edges": 1884
}